Method,SNR,PESQ,STOI,Runtime
Method 1,-25.9507129,0.201846197,0.183291559,2.14
Method 1,-24.50137945,-0.168366894,0.248986941,2.75
Method 1,-27.10568218,0.633994401,0.134808675,2.84
Method 1,-26.39803819,0.309753388,0.247193968,2.26
Method 1,-26.30370339,0.479307801,0.244553744,2.23
Method 1,-26.00133042,0.200896546,0.188621627,3.26
Method 1,-27.12189572,0.567489505,0.162840032,2.63
Method 1,-26.26871439,0.384379297,0.245527358,3.71
Method 1,-26.81655283,0.619208097,0.143649052,3.12
Method 1,-26.1350912,0.435521573,0.178379988,2.18
Method 1,-27.16730415,0.589737058,0.173470846,4.34
Method 1,-24.8849736,-0.181546584,0.252934892,5.03
Method 1,-26.58924674,0.854157746,0.14772999,2.15
Method 1,-26.9989162,0.678579926,0.138565435,2.13
Method 1,-26.43867569,0.081955209,0.247113561,2.23
Method 1,-24.47137295,-0.100831255,0.244006684,2.78
Method 1,-26.69819207,-0.064054094,0.206276307,2.3
Method 1,-27.38786069,0.215679944,0.134519362,2.52
Method 1,-27.34025693,0.18338494,0.124324682,4.86
Method 1,-26.14225541,-0.012597525,0.18933956,2.31
Method 1,-27.47771694,0.236230299,0.138872841,2.54
Method 1,-25.53319194,0.048605792,0.227663206,3.05
Method 1,-26.78133964,0.034583274,0.209601943,4.03
Method 1,-27.35948964,0.135792375,0.130891342,2.54
Method 1,-27.17872726,0.513191283,0.13496211,2.61
Method 1,-25.70771461,1.306451321,0.153987179,3.19
Method 1,-26.42383258,-0.105378121,0.195354885,2.53
Method 1,-25.09258354,-0.151314169,0.252777612,3.29
Method 1,-27.49413976,0.239217103,0.141423188,5.21
Method 1,-26.83435562,-0.121208824,0.211985702,2.39
Method 1,-26.16456582,0.818303406,0.178548048,2.12
Method 1,-26.04063155,0.355608493,0.181039668,2.17
Method 1,-26.10040261,0.354917973,0.179565724,3.38
Method 1,-26.28484577,0.410662532,0.245458973,2.32
Method 1,-26.59309405,-0.015531943,0.201560519,4.21
Method 1,-24.77911111,-0.253583223,0.251033378,2.79
Method 1,-26.42938396,0.348977804,0.244978446,2.6
Method 1,-27.43289387,0.11213845,0.137509821,3.33
Method 1,-26.34222236,0.317256451,0.247416044,2.24
Method 1,-25.98976869,0.128371462,0.186031471,2.17
Method 1,-24.83944169,-0.081801414,0.236462818,5.02
Method 1,-26.23830146,1.002288938,0.149635611,2.15
Method 1,-27.34638558,0.162132502,0.127536488,2.52
Method 1,-26.22136259,-0.030303702,0.189689704,2.29
Method 1,-26.86430837,0.029439716,0.149756685,2.22
Method 1,-27.18398764,0.360901862,0.127700045,2.57
Method 1,-27.50897557,0.386584878,0.143986975,4.69
Method 1,-26.08348983,0.101089031,0.149155247,2.69
Method 1,-27.31627485,0.304851174,0.235667506,3.74
Method 1,-23.48920669,0.554583549,0.239345941,5.3
Method 1,-25.4805765,0.378801882,0.171350697,2.17
Method 1,-23.02914399,0.385997832,0.199081723,3.28
Method 1,-27.77652275,0.821938753,0.123688039,2.27
Method 1,-25.98159859,-0.019121742,0.215597116,3.32
Method 1,-26.22328585,0.384075463,0.208542,2.12
Method 1,-25.40945224,0.106878959,0.163746845,3.07
Method 1,-27.19115587,0.308422863,0.168398419,4.73
Method 1,-25.08930079,0.091366723,0.201821329,2.79
Method 1,-26.95900416,0.955757976,0.120287556,4.25
Method 1,-25.31802944,0.163126707,0.198242685,2.28
Method 1,-27.01977181,0.067587927,0.12655033,3.83
Method 1,-27.92754922,0.346306354,0.203687892,2.16
Method 1,-26.05678286,0.033504486,0.133285967,2.79
Method 1,-26.7104225,0.559828222,0.148741536,2.18
Method 1,-26.83039765,0.595402479,0.206582976,2.63
Method 1,-27.34349418,0.490381926,0.220048174,2.63
Method 1,-27.49033454,1.00620079,0.212316918,4
Method 1,-25.9528997,0.259616077,0.20276247,3.96
Method 1,-27.04622406,0.383786082,0.182588572,2.33
Method 1,-27.35628567,0.150113806,0.16964058,4.3
Method 1,-23.69641284,0.121849559,0.168069107,3.78
Method 1,-24.54996409,0.233366996,0.1639484,2.5
Method 1,-26.85292976,0.343574375,0.12005893,2.27
Method 1,-27.41683333,0.428385019,0.198603635,2.24
Method 1,-24.8225459,0.210740268,0.214177432,2.81
Method 1,-26.66665922,0.152615547,0.177783687,2.76
Method 1,-26.45765966,0.141723052,0.205437236,3.11
Method 1,-27.33041676,-0.212531686,0.153905116,2.54
Method 1,-27.69974724,0.275822937,0.196597883,2.16
Method 1,-27.37217007,0.375476241,0.185667976,2.16
Method 1,-24.82144949,0.193522573,0.204098575,3.92
Method 1,-27.33098517,0.329781085,0.249017313,2.56
Method 1,-24.77209568,0.226073563,0.156814444,2.65
Method 1,-25.22251271,0.373900115,0.176862736,2.19
Method 1,-25.39995095,-0.23013781,0.198711346,2.13
Method 1,-25.69314414,0.090676323,0.160613578,2.35
Method 1,-25.63845714,0.120363198,0.201392325,2.72
Method 1,-25.28603931,0.141533881,0.121443572,3.03
Method 1,-25.8277059,0.425170183,0.210981107,3.06
Method 1,-25.05625751,0.359859467,0.186378061,2.28
Method 1,-27.2307723,0.22439605,0.162783317,2.85
Method 1,-25.46473554,0.06856557,0.089505032,2.94
Method 1,-27.31411452,0.120837897,0.17047277,2.37
Method 1,-26.92890768,0.429165751,0.185551354,2.29
Method 1,-27.99000336,0.145719662,0.145607982,2.5
Method 1,-26.00040899,0.035532445,0.130995196,2.8
Method 1,-27.0588192,0.343908429,0.155837262,2.51
Method 1,-27.32967902,0.266566962,0.184438486,2.43
Method 1,-25.87104841,0.143270433,0.188784751,2.69
Method 1,-27.58807904,0.29033199,0.274830237,2.47
Method 1,-26.54095979,0.067151815,0.168909653,5.09
Method 1,-26.56252154,0.345273137,0.194963751,2.92
Method 1,-24.48362572,0.474242687,0.190805994,2.12
Method 1,-24.50033721,0.486767381,0.228165111,3.5
Method 1,-27.94868179,0.137183189,0.238501939,4.42
Method 1,-26.14504263,0.02971378,0.220897835,2.14
Method 1,-27.61818918,0.343553603,0.144842079,2.5
Method 1,-26.5836907,0.032300249,0.152361699,2.21
Method 1,-26.64334561,0.736330926,0.199231526,5.64
Method 1,-26.74148113,0.138003036,0.101337392,3.6
Method 1,-26.50961887,0.769568086,0.203392984,3.11
Method 1,-27.39897272,0.310795009,0.140470396,4.1
Method 1,-26.74959312,0.421689302,0.197371685,2.11
Method 1,-26.55074572,0.022015853,0.165638985,2.65
Method 1,-27.19708421,0.206078738,0.121254993,2.57
Method 1,-27.71685657,0.095099255,0.235344886,2.59
Method 1,-24.65241965,0.176107138,0.210278294,2.76
Method 1,-26.75667426,0.48848328,0.2056408,2.97
Method 1,-25.73480609,0.24462755,0.129037735,3.34
Method 1,-27.19863172,0.307905376,0.173341133,4.56
Method 1,-26.75622603,0.39021346,0.190398917,2.88
Method 1,-27.42311276,0.252522767,0.123092773,2.36
Method 1,-24.8203329,0.261348397,0.139319406,2.8
Method 1,-26.57021276,0.590312302,0.20200145,5.43
Method 1,-27.13419448,0.133334413,0.175110118,5.26
Method 1,-27.20219599,-0.182219177,0.149102435,3.03
Method 1,-27.66312766,-0.353103369,0.15780822,2.5
Method 1,-23.60709671,0.305228055,0.18150604,2.17
Method 1,-26.56230408,0.016047722,0.163203211,2.69
Method 1,-27.2479617,-0.204222098,0.15125439,4.6
Method 1,-24.39970755,0.575942159,0.186452426,2.8
Method 1,-27.09792451,0.534571767,0.212453437,2.63
Method 1,-26.06267046,0.149191976,0.117817361,2.32
Method 1,-28.24530188,0.069971196,0.146039678,2.49
Method 1,-25.30074254,0.28337124,0.092317264,2.51
Method 1,-27.52346121,0.335560262,0.196185158,2.42
Method 1,-26.86682158,0.6878227,0.195109166,3.2
Method 1,-26.60847235,0.092772707,0.160464442,3.58
Method 1,-26.12709645,0.363478154,0.213827818,2.74
Method 1,-26.02500865,0.254106432,0.264115754,2.6
Method 1,-26.94987582,0.217247635,0.139862275,5.12
Method 1,-26.10629176,0.295876086,0.173587752,2.94
Method 1,-25.65886066,0.269503653,0.20941671,5.53
Method 1,-27.46417782,-0.22605671,0.155817564,2.52
Method 1,-25.85301975,0.211868122,0.091066408,2.73
Method 1,-26.01803594,0.031195752,0.128461238,5.23
Method 1,-25.28415909,0.370430291,0.217229398,2.8
Method 1,-27.36393302,0.242299199,0.256509449,2.47
Method 1,-26.23969449,0.142407194,0.104047882,2.25
Method 1,-27.92255971,0.257286847,0.166346687,2.29
Method 1,-27.07138264,0.300554246,0.186357643,3.67
Method 1,-25.98933701,0.504101515,0.213561459,2.12
Method 1,-27.3814499,0.405883342,0.176627553,2.56
Method 1,-25.19720804,0.118935265,0.214486441,4.69
Method 1,-25.69962204,0.177321479,0.113120331,2.28
Method 1,-25.51418719,0.171144485,0.092003745,3.54
Method 1,-26.71459345,0.134012565,0.107992665,4.34
Method 1,-27.31017163,0.31530863,0.240813791,3.74
Method 1,-26.47690756,0.360570073,0.202313506,2.14
Method 1,-25.96274964,0.393666685,0.192166326,4.47
Method 1,-27.70402943,0.190892279,0.166899371,3.91
Method 1,-26.39935309,0.132094756,0.101687202,4.44
Method 1,-25.14429647,0.322198033,0.181944604,3.39
Method 1,-26.80853476,0.122433558,0.264677219,2.59
Method 1,-24.8875848,0.262929529,0.129175232,2.25
Method 1,-26.24668699,0.0440742,0.127106256,2.84
Method 1,-26.27804803,0.342056662,0.201596789,4.74
Method 1,-27.41628821,0.250053108,0.264107637,2.51
Method 1,-26.81129307,0.303232104,0.132526527,2.97
Method 1,-25.75322111,0.162613645,0.154663013,2.73
Method 1,-26.58226413,0.029616309,0.126488526,2.78
Method 1,-26.73368912,0.467809409,0.120196835,2.59
Method 1,-27.9851465,0.380689591,0.251466313,2.21
Method 1,-27.02035577,0.254249156,0.147806934,4.9
Method 1,-27.18123388,0.215562418,0.147224288,2.97
Method 1,-26.85732412,0.347434908,0.138413975,2.83
Method 1,-24.31605174,0.419579923,0.207595367,2.33
Method 1,-27.38205768,0.193073824,0.223642491,2.6
Method 1,-27.55427572,0.064908862,0.231562472,3.35
Method 1,-27.34746052,0.311216921,0.173598061,3.81
Method 1,-27.14047277,0.252255797,0.182938249,2.75
Method 1,-28.23659786,0.153186589,0.240997901,2.6
Method 1,-25.59418801,0.309057415,0.206153372,2.82
Method 1,-25.23044544,0.075116679,0.091518575,2.51
Method 1,-26.3871991,0.173928529,0.151886962,4.06
Method 1,-27.93450541,-0.307608068,0.158416395,2.51
Method 1,-27.7778024,0.118651278,0.145110882,2.45
Method 1,-25.73437762,0.280868083,0.196148615,2.74
Method 1,-27.12969796,0.571812272,0.153236851,4.59
Method 1,-26.13431375,-0.031147575,0.126063992,3.7
Method 1,-27.60587809,0.455301285,0.226162343,2.18
Method 1,-28.21448856,0.177352548,0.210724162,2.37
Method 1,-25.23139882,0.065011151,0.202755061,2.71
Method 1,-25.19688164,0.257526994,0.14609498,4.42
Method 1,-27.44736918,0.199089542,0.227522422,4.2
Method 1,-26.95162629,0.328453153,0.191488278,2.16
Method 1,-26.35047472,0.056549799,0.153863722,2.22
Method 1,-27.16677421,0.43391636,0.135486494,2.61
Method 1,-27.11344481,0.23513937,0.163549696,2.64
Method 1,-27.43992481,0.315817416,0.182684814,2.16
Method 1,-25.21396629,0.073253579,0.091103338,2.52
Method 1,-27.48166722,0.262464255,0.269800675,2.55
Method 1,-26.31279504,0.252153665,0.111214699,2.32
Method 1,-26.78817245,0.304695308,0.150531495,3.92
Method 1,-26.6199073,0.142860562,0.17412027,2.75
Method 1,-26.43110479,0.075035408,0.207562883,3.98
Method 1,-25.55844395,-0.167709857,0.203604795,2.54
Method 1,-26.53958127,0.575114429,0.217430869,3
Method 1,-25.90455593,0.422382623,0.209711434,2.79
Method 1,-26.24250784,0.058299728,0.222695716,3.19
Method 1,-25.05585029,0.179147795,0.192359904,2.49
Method 1,-27.4273129,0.11061921,0.168498424,2.3
Method 1,-27.23349209,0.619440734,0.189651198,3.13
Method 1,-25.54468116,0.079848513,0.153631379,2.67
Method 1,-27.19210102,-0.178431213,0.147314207,2.5
Method 1,-26.77354687,0.919523776,0.120199559,2.25
Method 1,-26.5812231,0.109667569,0.171460058,3.93
Method 1,-24.77265287,0.162564456,0.159706953,2.65
Method 1,-26.47262737,0.119903229,0.207145483,4.6
Method 1,-27.05032894,0.394638181,0.18346873,2.94
Method 1,-27.0044347,0.563940883,0.209823075,3.57
Method 1,-26.70243564,0.109768964,0.115587047,3.19
Method 1,-26.92766828,0.338379472,0.193929954,4.52
Method 1,-27.53946006,0.125268638,0.167592908,2.31
Method 1,-27.54192992,0.532635927,0.189725927,2.82
Method 1,-25.78322263,0.941376626,0.25824255,4.15
Method 1,-25.28822228,0.343686134,0.198313012,2.31
Method 1,-25.45577967,-0.038332865,0.198701355,2.11
Method 1,-25.73268368,0.130173653,0.211067522,2.79
Method 1,-26.74566417,0.319623828,0.188233113,4.61
Method 1,-27.35008063,0.379172236,0.171304421,2.15
Method 1,-27.43986544,0.37320137,0.142458736,2.75
Method 1,-27.77241977,0.418584734,0.23943038,2.21
Method 1,-25.73302804,0.062423177,0.211559353,2.16
Method 1,-26.28442366,0.189333513,0.08887888,3.87
Method 1,-22.20157727,0.368651301,0.205497481,2.17
Method 1,-27.1469962,0.529957354,0.122152726,3.26
Method 1,-26.36387553,0.252582878,0.265161608,2.63
Method 1,-26.14872944,0.51266408,0.198189149,2.63
Method 1,-25.51846508,0.332150578,0.184406049,2.12
Method 1,-25.88892917,0.230993107,0.261250187,2.59
Method 1,-25.79257908,0.344870448,0.259228961,4.1
Method 1,-28.11369398,0.421135753,0.220625935,4.54
Method 1,-27.14882988,0.496240675,0.144312816,2.6
Method 1,-25.86270234,1.005292535,0.255497403,2.62
Method 1,-27.22767044,0.286067933,0.143495618,2.71
Method 1,-25.34842839,0.64421165,0.192711538,3.64
Method 1,-26.74074027,-0.065555274,0.150552289,3.67
Method 1,-26.71761541,0.124895848,0.123999332,2.88
Method 1,-27.7893468,0.36854431,0.20854238,2.43
Method 1,-27.15213028,0.288797408,0.146024751,2.7
Method 1,-25.98120989,0.060928568,0.157914372,2.21
Method 1,-26.04725864,0.196357906,0.107270707,2.27
Method 1,-26.47676386,0.495857209,0.160825813,2.14
Method 1,-28.18809412,0.043167029,0.165918792,4.34
Method 1,-26.44791223,0.457554102,0.19003873,2.37
Method 1,-27.42591117,0.504420519,0.183739026,2.64
Method 1,-27.37934606,0.159656405,0.135141812,4.05
Method 1,-27.9876506,0.147965819,0.125846437,2.89
Method 1,-25.13003846,0.736974478,0.130832009,3.06
Method 1,-25.24910987,1.163001299,0.164082167,2.76
Method 1,-27.59394252,0.226565912,0.129330494,2.89
Method 1,-24.58090412,0.854035079,0.150695836,2.32
Method 1,-25.48845117,0.762454987,0.121165247,2.29
Method 1,-27.15887928,0.256844163,0.180878034,2.59
Method 1,-27.78233496,0.264427811,0.185555856,3.86
Method 1,-27.21156006,0.454150468,0.132759067,2.93
Method 1,-25.86732416,0.101457037,0.110164058,4.34
Method 1,-27.13027814,0.421871483,0.141363253,3.21
Method 1,-26.85199275,0.469694406,0.159990597,2.24
Method 1,-27.15802005,0.170853481,0.179731488,2.64
Method 1,-27.84101584,0.244295254,0.135185081,2.64
Method 1,-28.035302,-0.005020286,0.166675813,2.72
Method 1,-27.49477373,0.257745892,0.184121717,2.66
Method 1,-27.41401997,-0.011251388,0.160157292,4.03
Method 1,-26.58874109,0.059210673,0.144665037,4.14
Method 1,-27.41884911,0.234994963,0.133478142,4.9
Method 1,-27.38551449,0.366973996,0.18366957,2.64
Method 1,-26.50011794,0.083631366,0.146342874,2.72
Method 1,-27.27725962,0.297021121,0.137267093,2.62
Method 1,-27.02296859,0.461342663,0.150225406,2.29
Method 1,-28.26695971,0.132902294,0.124301632,2.9
Method 1,-28.05411046,0.473574102,0.135013911,4.82
Method 1,-27.48569137,0.189171493,0.131506054,4.11
Method 1,-27.48529549,-0.015466235,0.16219079,2.66
Method 1,-28.02924659,0.248722792,0.18709646,3.87
Method 1,-27.33420017,0.201711833,0.189375958,2.69
Method 1,-27.61849681,0.399066597,0.136066006,2.63
Method 1,-28.33867237,0.175246641,0.189376755,2.62
Method 1,-27.60111148,-0.059969742,0.163623614,4.47
Method 1,-27.18188801,0.191866368,0.183921334,4.12
Method 1,-27.46685122,0.36952439,0.136846203,2.59
Method 1,-27.60772386,0.311594605,0.184676054,2.62
Method 1,-28.34823214,-0.050401453,0.168126278,2.69
Method 1,-27.37176064,0.028941322,0.157617848,2.69
Method 1,-27.75820868,0.24102366,0.127509368,2.87
Method 1,-27.6931498,0.214735568,0.191215045,2.74
Method 1,-26.35095324,0.048579127,0.147634935,4.05
Method 1,-27.48335693,0.192770272,0.190618894,4.99
Method 1,-27.78123386,-0.074116416,0.165383066,3.52
Method 1,-24.82116389,0.857143939,0.15538911,2.27
Method 1,-27.31106022,0.31693241,0.137497852,5.41
Method 1,-27.23759907,0.456247836,0.124957142,3.48
Method 1,-27.26049705,0.283792436,0.114852568,2.52
Method 1,-24.85054627,0.747117341,0.141318999,2.28
Method 1,-27.2427039,0.033100005,0.187050822,2.67
Method 1,-27.25215132,0.32973969,0.119209065,4.44
Method 1,-27.36942689,0.401956856,0.137444113,2.6
Method 2,0.942896008,2.04717207,0.8053545,0.48
Method 2,0.286013484,2.146645784,0.785668549,0.59
Method 2,0.287680626,2.57288599,0.910449823,0.48
Method 2,-0.359125137,2.620149374,0.902136242,0.48
Method 2,0.269963741,2.011576414,0.747389259,0.48
Method 2,1.192426756,1.6464504,0.704300166,0.46
Method 2,1.111497581,1.601949453,0.669396848,0.55
Method 2,0.193161368,2.168415308,0.792621892,0.49
Method 2,0.58580339,2.297768116,0.859304973,0.79
Method 2,0.295535326,2.504085064,0.907937076,0.46
Method 2,2.035858333,1.506470203,0.616281694,0.57
Method 2,-0.717917681,2.432387829,0.841966641,0.6
Method 2,0.68562448,1.993266344,0.816130568,0.79
Method 2,0.466607809,2.437507629,0.8912399,0.83
Method 2,-0.724928379,2.807509184,0.926511003,0.49
Method 2,0.414804816,2.0049088,0.755432954,0.58
Method 2,-1.773172617,2.255937576,0.792805981,2.4
Method 2,1.050021648,2.097191572,0.884943125,0.9
Method 2,-0.067932606,2.704777241,0.945834199,0.92
Method 2,2.430739135,1.596644521,0.610993848,0.91
Method 2,1.65137589,1.728228092,0.812421055,0.94
Method 2,0.413343725,1.719271421,0.668607961,0.56
Method 2,-2.882536054,2.456674099,0.825052042,0.71
Method 2,0.807995796,2.323173285,0.911978135,0.54
Method 2,-0.089768171,2.71683383,0.925331899,0.47
Method 2,0.800670278,1.724327207,0.704499188,0.47
Method 2,0.409017205,1.968120217,0.720007401,0.68
Method 2,-1.802482605,2.578779936,0.859928104,1.03
Method 2,2.005039603,1.577548623,0.766183008,0.53
Method 2,-4.047315121,2.641072989,0.844241531,0.51
Method 2,-0.043282509,2.66286397,0.927086316,0.45
Method 2,0.743398666,2.206399202,0.84635033,0.47
Method 2,0.480135679,2.348983765,0.881543649,0.46
Method 2,0.084380507,2.323081732,0.838995983,0.48
Method 2,-0.573926568,2.138669014,0.759977944,0.53
Method 2,-0.046437979,2.28353405,0.816328272,1.03
Method 2,0.324620944,1.845878243,0.689482124,0.47
Method 2,1.210196614,1.890614986,0.849969668,0.52
Method 2,-0.10704875,2.465420008,0.873876841,0.5
Method 2,1.15706861,1.853326201,0.761495263,0.48
Method 2,0.442813784,1.885902882,0.71702181,0.6
Method 2,0.753063858,1.868948936,0.773507069,0.47
Method 2,0.385916233,2.53394413,0.932074897,0.53
Method 2,1.435647607,1.782579303,0.665509629,0.51
Method 2,-0.77242136,2.708663702,0.946242844,0.47
Method 2,-4.916918278,2.240404606,0.833782182,0.55
Method 2,1.290612221,2.134760141,0.903811858,0.52
Method 2,0.277850032,2.171675205,0.803499817,0.57
Method 2,-1.768764257,2.51717782,0.883777423,0.53
Method 2,0.947312031,1.834194779,0.679181177,0.58
Method 2,-3.358850479,2.558465481,0.832660577,0.47
Method 2,3.769105451,1.721583724,0.503024344,0.5
Method 2,5.096515883,2.220365047,0.757206837,0.52
Method 2,0.451096296,2.363461256,0.864720644,0.82
Method 2,0.20021677,1.958901763,0.806708612,0.47
Method 2,0.233868898,1.580953479,0.763149418,0.46
Method 2,-5.41269958,2.330879688,0.819534148,0.56
Method 2,-0.046836138,2.44644928,0.9052721,0.57
Method 2,1.335345507,2.763458014,0.843871365,0.87
Method 2,3.111963272,1.574478149,0.647312063,0.5
Method 2,1.534721609,1.763932586,0.728680766,1.01
Method 2,2.491365075,2.184978724,0.768702402,0.5
Method 2,0.540570021,2.818166494,0.931087606,0.56
Method 2,-1.476564407,2.442096472,0.770647542,0.87
Method 2,0.38572073,2.469210386,0.822988595,0.53
Method 2,1.112083197,2.663609505,0.905373261,0.96
Method 2,1.156855226,2.056887865,0.814792516,0.46
Method 2,3.67096764,1.370310664,0.604624596,0.51
Method 2,-6.387915015,2.552355766,0.817147778,0.88
Method 2,0.544271469,2.428154707,0.894669456,0.88
Method 2,1.401129984,1.654120088,0.637701659,0.56
Method 2,1.019745469,2.123643398,0.695179535,0.49
Method 2,-0.147237778,2.892870903,0.8631524,0.9
Method 2,0.902318358,2.274068356,0.866936126,0.47
Method 2,0.247275829,1.991762519,0.814443667,0.92
Method 2,2.229250036,1.735647559,0.748197611,0.55
Method 2,0.221393108,2.450475454,0.852322802,0.64
Method 2,1.957224011,2.433849573,0.824717083,0.55
Method 2,0.8270365,2.312682629,0.786442552,0.5
Method 2,0.576193333,2.469630241,0.896371663,0.47
Method 2,0.141247511,2.273104429,0.881778165,0.96
Method 2,-0.103800893,2.19407177,0.821592593,0.53
Method 2,2.851341266,1.614242673,0.610766061,0.57
Method 2,-1.678113937,2.375789642,0.791540899,0.83
Method 2,1.634419933,1.681447506,0.680069257,0.83
Method 2,0.230599046,1.820073843,0.810836619,0.48
Method 2,0.055942535,2.457814932,0.865113262,0.98
Method 2,-0.188958347,2.209093094,0.764213821,0.5
Method 2,0.318211019,2.033571959,0.763556999,0.56
Method 2,1.339836717,1.952394247,0.732482064,0.84
Method 2,-7.082335353,2.479840994,0.828554576,0.57
Method 2,-3.239663839,2.535126448,0.903961653,0.53
Method 2,-0.296570063,2.663255215,0.911846336,0.9
Method 2,-5.091602802,2.409818411,0.781998236,0.54
Method 2,1.946898699,1.697651625,0.82560928,0.57
Method 2,0.909744501,2.642130136,0.910993056,0.57
Method 2,-8.401528597,2.576432705,0.875370351,0.51
Method 2,-2.237820625,1.935008407,0.771488025,0.54
Method 2,-0.881100893,2.734904051,0.900840337,0.56
Method 2,2.532429082,1.535394669,0.644393858,0.52
Method 2,0.96341908,2.147836685,0.859117367,0.55
Method 2,0.284312963,2.54493165,0.914371188,0.79
Method 2,2.800617218,1.9253335,0.5719616,0.83
Method 2,0.880009234,1.972191572,0.746036175,1
Method 2,3.732163608,1.570777297,0.688454234,1.02
Method 2,-0.143452883,2.505395412,0.886904734,0.47
Method 2,1.498978734,1.992013812,0.877677856,0.55
Method 2,-0.004031658,2.358935595,0.912312205,0.47
Method 2,0.90033412,2.131608009,0.799239494,0.62
Method 2,-1.701338291,2.696086407,0.893011124,0.59
Method 2,0.652154684,2.287713528,0.826892381,0.64
Method 2,0.336165428,2.475190639,0.940962475,0.53
Method 2,0.179824233,2.222647905,0.873343076,0.46
Method 2,0.656616688,2.374979019,0.889979964,0.54
Method 2,-6.923394203,2.355350733,0.847108665,0.53
Method 2,3.232922554,1.79775846,0.74287926,0.6
Method 2,0.22156477,2.079277992,0.850900857,0.97
Method 2,0.841625035,1.732152939,0.67659557,0.57
Method 2,-1.087153554,2.497996092,0.814227044,0.51
Method 2,-4.082829952,2.165075064,0.815650518,0.52
Method 2,-0.147771835,2.668775558,0.927144962,0.96
Method 2,3.858323097,2.422033787,0.785396242,0.91
Method 2,1.60324854,1.881508708,0.679346616,0.5
Method 2,0.89420259,2.317496777,0.770594457,0.57
Method 2,-3.708056808,2.200686216,0.786813729,0.58
Method 2,0.516213179,2.789235353,0.873610777,0.55
Method 2,2.80233413,2.024649858,0.774357226,0.55
Method 2,1.959465742,2.025447369,0.663123353,0.51
Method 2,0.191324949,2.534631968,0.91642779,0.55
Method 2,1.310433149,2.598165274,0.849259794,0.53
Method 2,1.93500016,1.82618773,0.541271017,0.94
Method 2,-0.836186409,2.766913176,0.885469029,0.96
Method 2,-2.530792356,2.596163988,0.843819329,0.5
Method 2,1.936793178,1.511858821,0.790928117,0.55
Method 2,0.95656991,2.132050276,0.857761047,0.51
Method 2,-0.609875321,1.756674647,0.723927454,0.51
Method 2,1.150279343,1.975787997,0.77061681,0.65
Method 2,-0.595275164,2.700071335,0.933991993,0.54
Method 2,0.33365461,1.732010484,0.707482582,0.55
Method 2,3.679825664,1.812774897,0.705381537,0.74
Method 2,0.240435749,1.952922225,0.723513508,0.59
Method 2,0.864451528,2.220194817,0.678380826,0.84
Method 2,0.28903842,2.17665863,0.803111008,0.58
Method 2,2.449609041,2.259209871,0.799941455,0.76
Method 2,2.365006208,1.827466369,0.80407206,0.52
Method 2,1.100827456,2.451288939,0.886986029,0.59
Method 2,0.804463625,2.10573411,0.803335489,0.57
Method 2,0.57749927,2.003791809,0.789752038,0.5
Method 2,-3.879841566,2.589446545,0.846536856,0.54
Method 2,2.149361968,1.654840946,0.791875503,0.74
Method 2,-0.035037994,2.554703951,0.919107159,0.47
Method 2,0.19369823,1.818152428,0.761525895,0.46
Method 2,-3.689027429,2.716773987,0.851438336,0.49
Method 2,0.248777121,1.786387444,0.772499414,0.57
Method 2,-1.353791952,2.301359177,0.790183197,0.88
Method 2,1.770362258,1.987567425,0.831259743,0.52
Method 2,-0.860446692,2.53773427,0.871601725,0.6
Method 2,-0.841001272,2.376559019,0.864032136,0.87
Method 2,0.202127397,2.103582621,0.844091751,0.84
Method 2,-0.404474735,1.971896887,0.667832114,0.52
Method 2,1.996009946,1.844105721,0.826041168,0.5
Method 2,-5.262961388,2.682469606,0.860111115,0.85
Method 2,-0.013663769,2.154242277,0.764915743,0.81
Method 2,4.402632285,1.315769434,0.604051562,0.95
Method 2,0.757784247,2.030420542,0.724706899,0.74
Method 2,1.344809532,2.072873116,0.81677466,0.58
Method 2,0.530246496,2.393175125,0.883475963,0.6
Method 2,1.301452518,1.840570807,0.746500671,0.9
Method 2,0.173274875,2.091384888,0.773925207,0.59
Method 2,1.204382628,1.773502469,0.660091636,0.56
Method 2,1.457735598,1.915693521,0.77427863,0.57
Method 2,-2.265076637,3.17373538,0.90589545,0.92
Method 2,1.731880691,1.413633108,0.645032407,0.48
Method 2,-3.482079506,2.21933794,0.782239391,0.57
Method 2,0.262506043,1.813365459,0.663455071,0.6
Method 2,-2.549188137,2.563922644,0.798696907,0.5
Method 2,2.847294055,1.598311901,0.582298947,0.53
Method 2,1.806360483,2.450103998,0.873870022,0.56
Method 2,2.798391581,2.014905691,0.789724614,0.57
Method 2,0.135245323,2.65071249,0.920788443,0.47
Method 2,-0.326057673,2.7061131,0.93415317,0.84
Method 2,4.115383159,1.35483861,0.632623913,0.57
Method 2,0.219042301,2.321208,0.839373049,0.54
Method 2,-0.08862257,2.26856184,0.878476673,0.54
Method 2,-0.429881811,1.972419977,0.705132243,0.53
Method 2,3.083865986,1.740802407,0.734107947,0.97
Method 2,1.704968214,1.850326657,0.853835057,0.55
Method 2,-0.27605176,2.598056555,0.886696633,0.55
Method 2,0.035366416,1.83250761,0.727981948,0.67
Method 2,1.268748045,2.27762413,0.8576182,0.56
Method 2,1.398991942,1.872346044,0.76823671,0.47
Method 2,4.043805599,2.012085438,0.738024437,0.48
Method 2,-0.419387817,2.628005505,0.924137566,0.58
Method 2,0.09024322,2.360705137,0.775344617,0.48
Method 2,2.362205982,2.225620747,0.831645287,0.54
Method 2,0.109479427,2.386993885,0.898857954,0.82
Method 2,0.147868395,2.176275969,0.886046865,0.47
Method 2,-3.131480217,2.127037525,0.801926818,0.94
Method 2,-6.217849255,2.358753681,0.845463377,0.72
Method 2,-2.439624071,2.547842264,0.822291711,0.49
Method 2,-1.525981426,2.382615805,0.891975245,0.91
Method 2,1.948357522,1.693697929,0.698273312,0.8
Method 2,-4.360744953,2.716573,0.85479985,0.5
Method 2,-1.973659396,2.110787392,0.747869243,0.56
Method 2,1.890613735,1.866123915,0.793166932,0.58
Method 2,-0.527205467,2.620152712,0.874356431,0.64
Method 2,1.373285651,2.05279398,0.794642153,0.46
Method 2,2.124010399,1.476054788,0.636206543,0.58
Method 2,0.681391358,2.25001812,0.847055394,0.59
Method 2,-1.037402153,2.643226385,0.90220363,0.47
Method 2,2.406599522,1.781077623,0.685955576,0.47
Method 2,1.106120348,2.231416464,0.874116616,0.51
Method 2,1.085133255,1.813675761,0.734509263,0.61
Method 2,0.73662281,2.000535011,0.756870827,0.56
Method 2,-0.325931311,2.967119455,0.895769821,0.92
Method 2,-1.374810934,3.024832964,0.887031285,0.95
Method 2,1.002227068,1.970360279,0.826199975,0.57
Method 2,1.063460261,1.833654642,0.694792327,0.55
Method 2,-1.677451134,2.762974262,0.891042961,0.65
Method 2,-2.192907333,2.019276619,0.765533059,1
Method 2,-0.176560879,2.603093147,0.852748889,0.96
Method 2,-0.298367739,2.380831718,0.845866827,0.6
Method 2,-0.634938776,1.866936803,0.731143597,1.02
Method 2,1.616988778,2.019004107,0.852075291,0.51
Method 2,-0.70692122,2.444932222,0.808016903,0.48
Method 2,0.632869005,2.44503212,0.809355348,0.96
Method 2,1.217947304,1.729110241,0.627828857,0.53
Method 2,1.667810977,1.883412004,0.742303563,0.49
Method 2,0.23774044,1.550546527,0.724278552,0.57
Method 2,-3.628612757,2.249482155,0.744145027,0.51
Method 2,-5.586987138,2.793617249,0.862874647,0.48
Method 2,0.909929276,2.307080746,0.925763616,0.53
Method 2,1.59082979,1.49528873,0.717264522,0.48
Method 2,1.06087625,2.239767551,0.833777602,0.48
Method 2,2.852040976,1.681924939,0.769794154,0.91
Method 2,2.563150336,1.821440697,0.587390235,0.88
Method 2,2.556064129,2.601214647,0.818806778,0.51
Method 2,4.138963521,1.581463218,0.656844919,0.54
Method 2,1.269606352,2.146686792,0.700184442,0.55
Method 2,1.850947738,2.061677217,0.624166477,0.51
Method 2,3.102618456,2.088691473,0.745136728,0.53
Method 2,1.972046494,2.25578475,0.77741953,0.58
Method 2,1.582834736,1.376985431,0.624107185,0.91
Method 2,-1.359345913,1.952295065,0.760130502,0.94
Method 2,-0.943647623,2.608737707,0.830609804,0.56
Method 2,-6.148049831,2.502371311,0.843074573,0.56
Method 2,1.619140059,1.993962049,0.62487652,0.56
Method 2,-0.28020978,2.534008265,0.931857293,0.45
Method 2,0.017219186,2.236336946,0.814259004,1.03
Method 2,0.669564903,1.586322904,0.676600775,0.89
Method 2,-4.865938425,2.348953009,0.811266042,0.56
Method 2,0.213721991,1.991793156,0.85228448,0.46
Method 2,-2.646104097,2.447488785,0.823057301,0.48
Method 2,-0.276273489,2.334707975,0.723259302,0.51
Method 2,2.086992711,1.437854171,0.753805736,0.52
Method 2,-2.048314214,2.118727446,0.708260825,0.51
Method 2,-0.045480728,3.0051651,0.895180877,0.56
Method 2,-0.504955053,3.198957682,0.933262065,0.63
Method 2,5.520560443,2.347387314,0.832190743,0.61
Method 2,-1.780023575,2.460276604,0.863554926,0.48
Method 2,0.199738712,1.972940564,0.740650395,0.48
Method 2,3.223895431,2.701418638,0.880980205,0.6
Method 2,-0.345334113,2.263899326,0.819109857,0.47
Method 2,-2.973816991,2.599680185,0.871642238,0.5
Method 2,-0.827715397,2.430006027,0.855552304,0.53
Method 2,3.919591308,2.785036564,0.861420321,0.56
Method 2,0.39988637,2.167304039,0.8317829,0.47
Method 2,-4.532499313,2.737618923,0.885212911,0.49
Method 2,0.570755005,1.994004965,0.782718223,0.8
Method 2,0.781486825,1.687561274,0.659791403,0.83
Method 2,-1.895430088,2.544904232,0.869956893,0.54
Method 2,2.927518189,2.618165731,0.831441627,0.94
Method 2,4.950896502,2.620310068,0.871792391,0.99
Method 2,1.55655086,2.98421526,0.891481623,0.56
Method 2,1.597951651,3.172546625,0.919204086,0.96
Method 2,-1.617583036,2.692860842,0.902865207,0.55
Method 2,0.774880648,3.052004099,0.918408244,0.59
Method 2,-1.983536482,3.052722216,0.892605936,0.94
Method 2,-0.775870085,2.545017719,0.882588,0.56
Method 2,-3.751871586,3.142110825,0.890728505,0.96
Method 2,0.686982572,1.853414178,0.726110731,0.8
Method 2,6.523177605,2.189273119,0.801048986,0.61
Method 2,3.568588719,2.465441465,0.822291337,0.95
Method 2,2.013566494,2.867831469,0.901451693,0.6
Method 2,2.510527372,3.055668831,0.908213021,0.57
Method 2,4.821000844,2.711585999,0.847178129,0.95
Method 2,0.200811923,1.97020328,0.754284203,0.53
Method 2,1.901971102,2.746227741,0.844022231,0.55
Method 2,5.523197446,2.562035561,0.833807187,0.91
Method 2,3.407615423,2.923648834,0.897230116,0.57
Method 2,-0.259014368,2.16087079,0.830568077,0.54
Method 2,0.727056861,2.885714054,0.859247583,0.56
Method 2,2.855380774,2.879713297,0.879025029,0.55
Method 2,5.61204044,2.466649055,0.852568702,0.54
Method 2,0.449075699,3.271830082,0.92585658,0.56
Method 2,4.4370538,2.542668104,0.856306541,1.01
Method 2,0.323443865,1.650109768,0.662727154,0.89
Method 2,-0.215933323,2.362616062,0.845329664,0.56
Method 2,0.289132893,1.875790358,0.709734706,0.77
Method 2,4.296554327,2.785292387,0.885962025,0.58
Method 2,-0.000248551,2.050325394,0.785534514,0.5
Method 2,-2.090803385,3.062608242,0.881119374,0.55
Method 2,0.180038214,2.322258949,0.870062653,0.48
Method 2,-0.571821928,2.684515476,0.920252086,0.47
Method 2,-0.943741798,2.356873035,0.844657532,0.5
Method 2,0.033240318,2.084709167,0.796789794,0.53
Method 2,-0.147087574,2.511650085,0.900461383,0.47
Method 2,-0.815579295,2.974986792,0.875333815,0.55
Method 3,-2.067217231,1.51961863,0.621843093,1.29
Method 3,-2.512084246,2.063519716,0.730564997,3.7
Method 3,-8.366061151,2.193747997,0.733385117,1.28
Method 3,-5.920652151,2.482779741,0.800975152,1.25
Method 3,-0.136281103,1.871574759,0.648511481,1.48
Method 3,0.797431245,0.926730216,0.54730362,1.33
Method 3,0.632882714,1.70113945,0.694341023,1.47
Method 3,-1.365888119,2.032337427,0.687288507,1.24
Method 3,-4.344818294,2.029332876,0.691778704,1.38
Method 3,-7.613972425,1.928296685,0.704913621,1.32
Method 3,2.415329963,1.825554609,0.647730516,1.61
Method 3,-6.54489994,2.327157974,0.791260742,2.55
Method 3,-2.501965165,1.927510738,0.661174437,1.39
Method 3,-6.282702088,2.113711357,0.7145953,1.26
Method 3,-7.632020116,2.609884024,0.826127295,1.35
Method 3,-0.678185821,1.787526727,0.691984037,1.68
Method 3,-0.593149662,2.360198021,0.842539191,4.18
Method 3,-3.23558718,1.761497974,0.72785019,1.46
Method 3,-8.806682229,2.266816139,0.795656501,1.45
Method 3,3.977584869,1.774000168,0.665102075,1.44
Method 3,-0.115561783,1.475692034,0.65067733,1.5
Method 3,2.563665775,1.52056694,0.599631187,1.7
Method 3,-1.772837639,2.506985426,0.86550151,2.51
Method 3,-4.888350964,1.944616914,0.752714007,2.45
Method 3,-10.5277282,2.264224291,0.74993943,2.06
Method 3,1.424872545,1.469791412,0.614354224,2.01
Method 3,1.741970181,2.049416304,0.765915325,1.98
Method 3,-8.727385998,2.426977158,0.80885598,2.64
Method 3,1.007473767,1.298516631,0.6062596,1.66
Method 3,-3.1125772,2.602582932,0.883784568,1.48
Method 3,-9.779192805,2.035186291,0.72587833,1.68
Method 3,-3.740033209,1.691761136,0.655180535,2.33
Method 3,-5.557096601,1.830115914,0.68280416,1.25
Method 3,-2.849948704,2.198236704,0.726714809,1.69
Method 3,0.479906797,2.204284906,0.809294302,1.58
Method 3,-4.46188271,2.217786551,0.765627197,3.13
Method 3,0.769696761,1.705101132,0.606939128,2.42
Method 3,-1.681887209,1.590414286,0.694069429,1.59
Method 3,-4.34681356,2.343310356,0.768918315,1.27
Method 3,-0.586026609,1.295836926,0.587576691,1.35
Method 3,1.050004512,1.705567598,0.650899338,2.71
Method 3,-0.659739822,1.791651368,0.635440975,1.37
Method 3,-6.759588718,2.115011215,0.775947782,1.52
Method 3,2.771447003,1.914859533,0.719290599,1.4
Method 3,-9.917562008,2.218263626,0.78455595,1.43
Method 3,-6.553863883,2.222321272,0.821190603,1.58
Method 3,-2.372042537,2.244046211,0.856439144,2.39
Method 3,-4.376276731,2.111330509,0.6988251,1.54
Method 3,-7.512491941,2.430130959,0.829108875,1.65
Method 3,1.602898005,1.635097146,0.55517954,2.72
Method 3,-10.77742338,2.157063484,0.703289935,1.3
Method 3,1.530311631,1.350779891,0.494170368,1.37
Method 3,-0.17309665,1.872546077,0.658056217,1.41
Method 3,-4.972345829,2.041915417,0.750993899,1.79
Method 3,0.990169346,1.612988949,0.668462248,2.65
Method 3,1.766824478,1.398878336,0.620721087,1.25
Method 3,-5.194420815,2.489678383,0.867634391,1.64
Method 3,-8.419369459,1.841182232,0.667024059,1.62
Method 3,-3.937303722,2.21054244,0.719702527,2.13
Method 3,-0.386587679,1.625619054,0.572280946,1.25
Method 3,3.2948648,1.738950253,0.690883902,1.56
Method 3,-0.141882747,1.961544156,0.720318079,1.28
Method 3,-7.153699398,2.591903925,0.845189058,1.56
Method 3,-5.746788383,2.263920784,0.713340718,1.29
Method 3,-7.921357602,1.871763468,0.638552888,1.63
Method 3,-9.512910843,2.170556068,0.739705324,1.65
Method 3,-2.846538723,1.708029389,0.703584776,1.24
Method 3,1.760910871,1.50981462,0.535193552,1.23
Method 3,-4.671574831,2.786069632,0.884596797,1.54
Method 3,-8.924866915,1.967242479,0.643792217,2.01
Method 3,1.104010068,1.509752154,0.601635934,1.56
Method 3,-2.844444364,1.877023935,0.632457163,1.42
Method 3,-5.762452781,2.280910254,0.731610492,2.15
Method 3,-4.68572557,1.864943147,0.737080411,1.36
Method 3,-1.863214076,1.376605868,0.593192276,2.27
Method 3,1.94507774,1.549053192,0.639585963,1.67
Method 3,-1.546303034,2.394197941,0.85702739,2.71
Method 3,-0.038254857,2.393738031,0.81148318,1.49
Method 3,-1.961979568,2.114908457,0.745450409,1.3
Method 3,-6.679526567,2.057896614,0.769053424,1.49
Method 3,-6.189143062,1.730593801,0.646458667,1.92
Method 3,-4.336394072,2.135861158,0.769207926,1.5
Method 3,3.061580856,1.677264571,0.639078261,2.15
Method 3,-8.592652678,2.063226938,0.682150565,1.7
Method 3,1.798318699,1.467677593,0.580815648,1.24
Method 3,-0.057127625,1.563104391,0.655234818,2.08
Method 3,-5.380784273,2.09525466,0.704808335,1.65
Method 3,-2.780094743,1.966660142,0.647079674,1.37
Method 3,0.064406395,1.689142823,0.566380087,1.69
Method 3,-4.464378059,1.844019532,0.634869728,2.28
Method 3,-7.196207047,2.587418079,0.879387249,1.7
Method 3,-7.837597132,2.502653599,0.867256749,1.45
Method 3,-11.27748936,2.039912701,0.657170364,1.34
Method 3,-2.86293745,2.675894022,0.867117675,1.61
Method 3,1.793446541,1.800748944,0.788129205,1.59
Method 3,-5.197532773,2.487081766,0.827927159,1.54
Method 3,-11.27916873,2.069238424,0.749003473,1.38
Method 3,-4.483442008,1.770207644,0.673063422,1.34
Method 3,-9.365500212,2.26959157,0.763164306,1.52
Method 3,2.534686012,1.50173378,0.639835348,1.43
Method 3,-1.913386583,2.037884951,0.766386971,1.54
Method 3,-6.656359434,2.319236755,0.798642506,2.23
Method 3,0.211503506,1.607502222,0.543912319,1.43
Method 3,-0.29136315,1.780336976,0.607484156,1.73
Method 3,0.658547282,1.576611876,0.599872403,1.45
Method 3,-7.140786648,2.135353327,0.771877761,1.35
Method 3,-0.89292407,2.076036692,0.834901221,1.62
Method 3,-6.074659824,1.908362746,0.738216706,2.04
Method 3,1.435725093,2.105659962,0.796276868,2.77
Method 3,-7.181289196,2.672633648,0.859201286,1.61
Method 3,0.049176216,2.263199568,0.829771011,1.86
Method 3,-5.593768358,2.536297083,0.886602605,1.58
Method 3,-2.146396041,1.844145656,0.731659839,1.35
Method 3,-3.746948242,2.170102358,0.791578709,1.53
Method 3,-8.600378633,2.361020327,0.84319745,2.03
Method 3,-1.136624813,1.673130393,0.635402377,1.62
Method 3,-3.988078237,1.540949464,0.623249318,1.57
Method 3,0.18979311,1.793359995,0.691216835,1.74
Method 3,-6.82893604,2.011496544,0.697269356,1.41
Method 3,-6.820669472,1.883206725,0.699971584,1.35
Method 3,-8.252725005,2.461528063,0.830512081,1.62
Method 3,-1.033624262,1.981617212,0.680112033,1.48
Method 3,1.41917837,1.862253666,0.576271276,1.29
Method 3,-5.86911276,1.824476957,0.612855899,2.62
Method 3,-3.43216002,2.378481627,0.848152225,2.88
Method 3,-3.426918387,2.597499609,0.849884715,1.89
Method 3,2.986148894,2.06119585,0.765232847,2.69
Method 3,-0.737340897,1.750632286,0.583280621,1.42
Method 3,-5.706428885,2.314632416,0.81179703,2.7
Method 3,-1.673036814,2.487527132,0.832490748,1.64
Method 3,0.973010474,1.54797852,0.459709828,1.45
Method 3,-12.31554508,1.85945344,0.671597151,1.58
Method 3,-8.969736993,2.071709871,0.721407754,1.35
Method 3,2.912510484,1.648580313,0.754466956,1.51
Method 3,-1.500687003,2.217199564,0.840434301,1.4
Method 3,-2.3325634,1.650179982,0.638802974,1.51
Method 3,2.669533193,1.944002509,0.757893766,2.02
Method 3,-7.776434422,2.450383186,0.82855361,1.86
Method 3,1.65030091,1.583835721,0.508256706,5.21
Method 3,2.234467268,1.746555924,0.688087977,1.44
Method 3,0.574984699,1.777484655,0.62289261,2.33
Method 3,-2.555658519,1.935957551,0.632024717,1.45
Method 3,-1.658151746,1.838630319,0.621603979,1.55
Method 3,1.541278362,2.24118042,0.789595932,1.55
Method 3,1.944923103,1.982426405,0.803421157,1.41
Method 3,-3.259145617,2.378314257,0.811649015,1.52
Method 3,-1.914664805,1.925483704,0.667271436,1.61
Method 3,-2.663063407,1.968487501,0.741972009,1.33
Method 3,-9.334215224,2.023422956,0.709708184,2.07
Method 3,-0.178490877,1.437961459,0.56802045,1.31
Method 3,-5.38520515,2.185615301,0.789243913,1.4
Method 3,2.310709703,1.542773008,0.62642166,2.17
Method 3,-8.189279437,2.425834894,0.787596841,1.32
Method 3,0.30747667,1.326452971,0.570360378,1.71
Method 3,-4.972716868,1.919994831,0.676777004,2.38
Method 3,0.348188877,2.103726864,0.824419837,1.4
Method 3,-5.372328162,2.530720711,0.829558527,2.68
Method 3,-5.931799412,2.307240725,0.800453178,1.5
Method 3,-0.554068983,1.726445794,0.700447576,1.45
Method 3,1.975277066,2.270035505,0.773781945,2.37
Method 3,-2.133557796,1.602894664,0.59348497,1.36
Method 3,-11.43325418,2.137891054,0.722838115,1.39
Method 3,-6.465472579,1.977120042,0.66273395,1.33
Method 3,5.15445428,1.399818063,0.622251613,1.44
Method 3,-0.631971061,1.949794769,0.607727357,1.28
Method 3,0.251092315,2.081625462,0.76165857,2.63
Method 3,-5.097356439,2.180960178,0.760420793,1.86
Method 3,-1.074828804,1.792468786,0.708468119,2.62
Method 3,-0.794894099,1.954563856,0.686940324,1.62
Method 3,1.134834439,1.817930698,0.678016444,2.63
Method 3,1.823998988,1.877182364,0.726777077,2.12
Method 3,-9.739320278,2.360136032,0.755616578,1.52
Method 3,2.144923296,1.124908924,0.552492361,2.16
Method 3,-5.291098356,2.171885967,0.744754106,1.67
Method 3,1.864002606,1.605070233,0.553767228,1.73
Method 3,-7.650042772,2.376264334,0.742672723,2.37
Method 3,4.795854233,1.992507696,0.685867392,1.51
Method 3,-7.27725327,2.067651987,0.723572009,1.45
Method 3,-3.012495041,1.814881802,0.670296692,2.48
Method 3,-8.778616786,2.173887253,0.800983404,1.24
Method 3,-7.101979852,2.324811459,0.815983898,1.33
Method 3,2.350712698,1.431577444,0.56235502,2.14
Method 3,-3.459715247,1.976722002,0.669101011,1.59
Method 3,-3.501597047,2.334962845,0.851876526,1.63
Method 3,-0.86782217,1.956515551,0.70368046,1.57
Method 3,4.2060176,1.914250016,0.73271903,1.48
Method 3,0.837053657,1.92950356,0.815313674,2.54
Method 3,-7.335681319,2.183523655,0.734721347,1.71
Method 3,-0.996365249,1.86494863,0.732286794,2.44
Method 3,-1.438775659,2.242364407,0.788438357,1.61
Method 3,-1.476781964,1.495081544,0.649424293,1.22
Method 3,1.580615491,1.838009357,0.694974015,1.4
Method 3,-10.70538998,1.936583757,0.684034728,1.76
Method 3,-4.775806367,1.958471417,0.667371436,1.38
Method 3,-5.084261894,1.948071122,0.701732519,1.52
Method 3,-3.789752126,2.034602642,0.760416696,1.4
Method 3,-4.049376845,1.764505744,0.713790614,1.36
Method 3,-4.571226835,2.0970366,0.797737526,1.62
Method 3,-8.975434303,1.990459919,0.727001134,1.79
Method 3,-5.998797119,2.333916664,0.776161744,1.38
Method 3,-5.664348006,2.421910048,0.860360198,2.68
Method 3,0.690758228,1.688879371,0.67425678,2.36
Method 3,-11.21301174,2.131866693,0.736344812,2.25
Method 3,-3.029494882,2.069378853,0.724990787,1.48
Method 3,0.960786343,1.725002885,0.689612889,1.7
Method 3,-3.210804462,2.526781797,0.878961024,1.73
Method 3,-1.256896555,1.772004724,0.683752306,1.29
Method 3,1.813083962,1.597934723,0.660459714,1.52
Method 3,-3.436424434,2.050261974,0.718305309,2.79
Method 3,-9.296583533,2.194935799,0.786026513,1.24
Method 3,-2.463847399,1.726762772,0.603477522,1.29
Method 3,-6.522608101,1.864010811,0.629435773,1.45
Method 3,3.806942999,1.755105853,0.715434941,2.45
Method 3,-2.867656052,1.919691324,0.661140099,1.61
Method 3,-5.348634124,2.687527418,0.865055056,1.51
Method 3,-7.645428479,2.336467505,0.745166123,1.36
Method 3,-0.308915675,1.890704036,0.732614488,1.51
Method 3,-0.997146666,1.748290658,0.630189295,2.75
Method 3,-4.916547537,2.656326532,0.897827574,2.72
Method 3,-2.278881669,2.1498034,0.797278303,1.59
Method 3,-10.11412621,1.903907299,0.654019706,1.68
Method 3,-3.69207859,2.331038237,0.792559563,2.63
Method 3,-0.939003229,2.010110855,0.74977046,1.67
Method 3,-4.257904589,1.75207305,0.611642935,2.31
Method 3,-3.956000209,2.218643188,0.760208229,2.31
Method 3,-3.056539297,2.245899916,0.771194081,1.47
Method 3,3.412455916,2.131886721,0.731201267,1.49
Method 3,0.365335643,1.594223142,0.636660236,1.25
Method 3,2.41684276,1.162728667,0.539518101,2.73
Method 3,-1.318435669,2.536286116,0.83949001,1.36
Method 3,-10.60678095,2.461329222,0.793092869,2.18
Method 3,-3.562425375,2.427585602,0.875624144,1.68
Method 3,0.205468833,1.410161734,0.602558227,1.21
Method 3,-3.008803129,1.930322886,0.724059558,2.18
Method 3,3.286510557,1.875409961,0.77553952,1.6
Method 3,1.397781481,1.623528123,0.549583107,1.69
Method 3,-2.331285477,2.115823984,0.703853092,1.4
Method 3,3.645937145,1.54298234,0.654061,1.47
Method 3,-3.685159385,1.657576561,0.578747882,1.58
Method 3,-1.030761898,1.783187985,0.588541821,2.18
Method 3,0.587034822,1.91595006,0.717459569,2.04
Method 3,-1.196038723,2.09280014,0.74673775,2.45
Method 3,1.840079889,1.211758494,0.554869416,2.38
Method 3,-2.66032517,1.986066699,0.767216292,1.59
Method 3,-4.994642735,2.407917261,0.793202058,1.56
Method 3,-9.670216441,2.309602261,0.769385576,1.54
Method 3,-1.35583207,1.554976583,0.525879164,2.49
Method 3,-7.946058214,2.082068443,0.766669899,1.28
Method 3,-2.179008126,2.124889374,0.744011448,2.76
Method 3,-0.209041536,1.521027446,0.595133109,2.55
Method 3,-7.438731194,2.303716421,0.761485324,2.71
Method 3,-2.038432658,1.685151339,0.682353765,1.31
Method 3,-7.189541757,1.941234708,0.695671974,1.5
Method 3,-4.152417183,2.111163378,0.673928868,1.38
Method 3,1.62232697,1.307136893,0.541184076,2.19
Method 3,0.367438793,2.397775412,0.80988137,1.34
Method 3,-6.489237547,2.681731462,0.836547541,2.8
Method 3,-7.681219578,2.594155788,0.811025095,1.66
Method 3,-0.161935985,2.049492598,0.743721219,1.76
Method 3,-7.028605938,2.093228102,0.722413814,1.4
Method 3,0.021025349,1.554871798,0.624918717,1.37
Method 3,-2.370924354,2.258953333,0.77125163,1.77
Method 3,-2.929663658,1.921821833,0.68217216,1.31
Method 3,-9.159194529,2.152034044,0.730471538,1.3
Method 3,-4.506936073,2.351280451,0.838908847,2.7
Method 3,-0.487592816,2.436595201,0.792371091,2.17
Method 3,-2.474880219,2.147637129,0.707233785,1.23
Method 3,-11.35187447,2.224275589,0.736681276,1.26
Method 3,-0.749268234,1.963891506,0.666880812,1.31
Method 3,2.834757016,1.603158593,0.573061241,1.24
Method 3,-6.552423239,2.507774353,0.860954461,2.14
Method 3,2.112781107,2.54120326,0.818359721,1.59
Method 3,2.404153347,2.198504448,0.790342464,2.78
Method 3,-4.39637959,2.58624649,0.822203491,1.69
Method 3,-3.367647529,2.62795639,0.853427473,2.7
Method 3,-8.809819818,2.486050129,0.808704953,1.69
Method 3,-5.782476068,2.48781538,0.798090823,1.88
Method 3,-8.651410937,2.771460295,0.846537715,1.8
Method 3,-7.21784234,2.386578321,0.779205026,1.57
Method 3,-7.820052505,2.839605331,0.838651096,2.29
Method 3,0.971871018,1.787866473,0.621022961,1.32
Method 3,0.462962519,1.914873719,0.725785523,2.79
Method 3,2.760886773,2.469035864,0.806022038,2.5
Method 3,-3.948224783,2.397935629,0.785797209,1.87
Method 3,-1.567867994,2.558315039,0.842967251,2.7
Method 3,1.199621707,2.366340876,0.776081483,1.69
Method 3,0.390577614,1.835215569,0.731089678,1.63
Method 3,0.734475851,2.588402748,0.824831352,1.6
Method 3,2.615485881,2.133096695,0.757475842,1.94
Method 3,-0.016496181,2.459838152,0.829297653,1.71
Method 3,-2.668396235,2.208357573,0.810303762,1.57
Method 3,-1.085868478,2.691228628,0.829036,1.64
Method 3,-2.371602654,2.512886286,0.807725387,2.78
Method 3,3.396991472,2.070716143,0.766649683,1.55
Method 3,-5.331838727,2.67674017,0.862214002,1.56
Method 3,-1.124865115,2.162672758,0.75752507,1.74
Method 3,2.721790304,1.654882431,0.625936063,1.57
Method 3,-5.687333345,2.265774012,0.744434234,1.56
Method 3,1.725229323,1.740810513,0.685136373,1.71
Method 3,1.287129521,2.34461832,0.812027052,1.55
Method 3,-1.244216114,1.692213535,0.655304097,2.27
Method 3,-5.478971004,2.817242384,0.836089606,1.47
Method 3,-4.238855243,2.293791056,0.747301625,1.34
Method 3,-7.542893291,2.563780069,0.809802886,2.09
Method 3,-4.898584783,2.023122549,0.705911554,1.77
Method 3,-1.047803164,2.083781481,0.774502521,2.54
Method 3,-5.811315775,2.444485664,0.785089043,1.59
Method 3,-3.217485547,2.768490076,0.832119448,1.6
Method 4,0,1.786760807,0.676805868,1.43
Method 4,0,2.219014883,0.774040456,3.29
Method 4,0,2.424053907,0.748660614,1.53
Method 4,0,2.493233919,0.771924972,2.4
Method 4,0,1.708729506,0.649558341,1.48
Method 4,0,1.481594801,0.632013924,1.5
Method 4,0,1.706279039,0.741697539,2.79
Method 4,0,1.929767132,0.700347503,1.5
Method 4,0,2.083666325,0.719039303,1.52
Method 4,0,2.217371941,0.739011059,1.51
Method 4,0,1.734149337,0.67809051,2.16
Method 4,0,2.453656435,0.810223074,2.44
Method 4,0,1.986414075,0.692446682,1.5
Method 4,0,2.23940134,0.734721207,1.44
Method 4,0,2.624569893,0.786709725,1.46
Method 4,0,2.066026926,0.743802216,2.73
Method 4,0,2.702522039,0.904358042,2.98
Method 4,0,2.106464386,0.851580942,1.75
Method 4,0,2.661019325,0.904259222,1.65
Method 4,0,2.151436806,0.813639192,1.51
Method 4,0,1.773083329,0.790014372,1.6
Method 4,0,1.595781922,0.62843119,1.84
Method 4,0,2.824386835,0.917534356,1.71
Method 4,0,2.307432175,0.874818067,2.58
Method 4,0,2.565341711,0.758503338,1.46
Method 4,0,1.692485929,0.587594042,2.25
Method 4,0,2.442204952,0.868156945,2.44
Method 4,0,2.601622581,0.828269593,1.81
Method 4,0,1.567862034,0.755481267,2.37
Method 4,0,2.907604218,0.925586378,2.37
Method 4,0,2.351519108,0.750969142,1.42
Method 4,0,1.909564972,0.701022557,2.04
Method 4,0,2.08091259,0.72493216,2.48
Method 4,0,2.134806633,0.738677303,1.55
Method 4,0,2.559945583,0.887988841,1.6
Method 4,0,2.32933712,0.791702196,1.83
Method 4,0,1.554201126,0.613760872,1.55
Method 4,0,1.911507368,0.819283376,1.54
Method 4,0,2.341301918,0.760121275,2.59
Method 4,0,1.634525537,0.649579012,1.51
Method 4,0,1.881119847,0.693533487,2.04
Method 4,0,1.816653728,0.639984661,1.97
Method 4,0,2.496358395,0.891933961,1.61
Method 4,0,2.298924446,0.846141101,1.55
Method 4,0,2.612361908,0.824544749,1.58
Method 4,0,2.544107914,0.862289984,1.76
Method 4,0,2.264959574,0.882879331,1.8
Method 4,0,2.440177441,0.815139477,2.69
Method 4,0,2.703739643,0.902512924,2
Method 4,0,1.737365723,0.625691743,1.74
Method 4,0,2.469705582,0.732611828,2.34
Method 4,0,1.825470209,0.5726019,1.45
Method 4,0,2.056443214,0.714336269,1.63
Method 4,0,2.273931265,0.760489488,2.44
Method 4,0,1.921196103,0.74695569,1.54
Method 4,0,1.610973716,0.662873936,1.52
Method 4,0,2.78943944,0.891337631,1.73
Method 4,0,2.166019201,0.736244285,3.13
Method 4,0,2.3175385,0.76880087,1.68
Method 4,0,1.765535355,0.630078219,1.84
Method 4,0,1.607153654,0.684798352,1.8
Method 4,0,2.529631615,0.806598071,1.47
Method 4,0,2.702185392,0.856817564,2.12
Method 4,0,2.433213234,0.751951104,1.51
Method 4,0,2.114751816,0.717040977,1.77
Method 4,0,2.377240658,0.754029939,2.87
Method 4,0,2.038964033,0.766691514,1.42
Method 4,0,1.570025563,0.602624405,1.46
Method 4,0,3.036427498,0.911675744,2.43
Method 4,0,2.463437557,0.716450297,1.82
Method 4,0,1.901819706,0.730799662,1.82
Method 4,0,2.291699171,0.76057827,1.53
Method 4,0,2.437496424,0.786682269,2.6
Method 4,0,2.226999283,0.784460677,1.53
Method 4,0,1.775342345,0.664664224,1.84
Method 4,0,1.779829264,0.731134052,2.65
Method 4,0,2.418909073,0.863941967,5.21
Method 4,0,2.535711765,0.826844155,1.69
Method 4,0,2.669304132,0.823515322,1.55
Method 4,0,2.350270987,0.791946835,1.51
Method 4,0,2.003009319,0.718937565,1.76
Method 4,0,2.44591713,0.876694326,1.78
Method 4,0,2.093511343,0.78528969,1.95
Method 4,0,2.331781387,0.717070315,1.4
Method 4,0,1.633013487,0.604777571,1.69
Method 4,0,1.814513445,0.70877011,1.53
Method 4,0,2.366920948,0.706220594,1.8
Method 4,0,2.444285154,0.747574813,1.65
Method 4,0,1.653345823,0.573943404,2.8
Method 4,0,2.018645763,0.683909842,1.4
Method 4,0,2.929840565,0.908254733,2.85
Method 4,0,2.526450872,0.890844152,1.73
Method 4,0,2.582159519,0.71644439,1.57
Method 4,0,2.880694628,0.892796707,1.6
Method 4,0,1.759156585,0.795896135,1.86
Method 4,0,2.506520987,0.847201625,3.18
Method 4,0,2.153876781,0.819444378,1.67
Method 4,0,1.82537055,0.760342087,1.7
Method 4,0,2.607692242,0.752936824,1.7
Method 4,0,1.65526855,0.721160105,1.61
Method 4,0,2.299422264,0.822704229,2.63
Method 4,0,2.435031652,0.827263312,1.82
Method 4,0,2.023794174,0.640618598,2.31
Method 4,0,1.909306288,0.688263907,1.79
Method 4,0,1.677328825,0.656517677,2.46
Method 4,0,2.42808032,0.777538233,1.45
Method 4,0,2.130007982,0.863429876,1.7
Method 4,0,2.337244272,0.791143697,2.48
Method 4,0,2.086983681,0.815833696,2.18
Method 4,0,2.611691713,0.861676242,2.03
Method 4,0,2.241363287,0.842325595,2.04
Method 4,0,2.507907629,0.894740038,2.87
Method 4,0,2.303196907,0.806528751,1.56
Method 4,0,2.468292236,0.844715936,2.74
Method 4,0,2.671002865,0.881077647,1.58
Method 4,0,1.841264009,0.686246226,1.82
Method 4,0,1.891546249,0.694514289,2
Method 4,0,2.118952036,0.775925281,2.14
Method 4,0,2.520641088,0.798675673,1.63
Method 4,0,1.944951892,0.777851805,1.5
Method 4,0,2.543974638,0.835583652,1.88
Method 4,0,2.132793188,0.729186612,1.73
Method 4,0,2.171072245,0.689191803,1.65
Method 4,0,2.049336433,0.694809573,1.8
Method 4,0,2.642505884,0.86732702,1.72
Method 4,0,2.796999454,0.856577776,1.72
Method 4,0,2.173238754,0.779227174,2.85
Method 4,0,2.111684561,0.725285394,1.76
Method 4,0,2.58161521,0.858898405,1.8
Method 4,0,2.679495096,0.840966096,2.04
Method 4,0,1.686826825,0.510610275,1.88
Method 4,0,2.382356882,0.735651647,2.63
Method 4,0,2.65850234,0.808223902,2.61
Method 4,0,1.616249681,0.758577986,2.32
Method 4,0,2.241472483,0.845679658,1.75
Method 4,0,1.70565486,0.718997788,2.18
Method 4,0,1.952739239,0.784665934,2.11
Method 4,0,2.723349094,0.868682674,1.87
Method 4,0,1.578782797,0.513214123,1.77
Method 4,0,1.765960574,0.663501,1.77
Method 4,0,1.756629825,0.611291459,2.18
Method 4,0,2.263463259,0.705926309,1.89
Method 4,0,2.052391291,0.626021226,1.81
Method 4,0,2.359358072,0.804479798,1.68
Method 4,0,1.96826911,0.791672349,2.48
Method 4,0,2.330676794,0.827101846,1.87
Method 4,0,2.10158205,0.751586265,3
Method 4,0,2.262795925,0.835061102,1.64
Method 4,0,2.886376381,0.836174473,1.6
Method 4,0,1.642034292,0.641263105,1.75
Method 4,0,2.560465097,0.846414642,1.59
Method 4,0,1.76376915,0.709326829,1.61
Method 4,0,2.989942789,0.830302894,2.37
Method 4,0,1.587393284,0.616594347,2.07
Method 4,0,2.588781595,0.775750765,1.65
Method 4,0,2.123882294,0.821225878,2.41
Method 4,0,2.447437525,0.820754287,3.4
Method 4,0,2.593767405,0.889552269,1.91
Method 4,0,2.17436862,0.783822868,2.69
Method 4,0,2.51894474,0.832900667,1.71
Method 4,0,1.853527665,0.66990217,1.69
Method 4,0,3.03688693,0.859450765,2.63
Method 4,0,2.170175314,0.699793247,1.54
Method 4,0,1.429123878,0.619299105,1.75
Method 4,0,2.354034185,0.721096436,1.63
Method 4,0,2.000494003,0.772201746,2.02
Method 4,0,2.319488287,0.816025386,3.44
Method 4,0,2.065398216,0.805165449,2.81
Method 4,0,1.950619578,0.672291394,1.96
Method 4,0,2.266733885,0.818533198,2.98
Method 4,0,1.765996099,0.719027764,1.77
Method 4,0,2.614411354,0.803712807,1.59
Method 4,0,1.490602612,0.649257178,1.57
Method 4,0,2.699306726,0.869645858,1.8
Method 4,0,1.576295853,0.5504912,1.94
Method 4,0,2.549333334,0.78600687,1.48
Method 4,0,2.212619543,0.781907849,1.73
Method 4,0,2.260130882,0.744642033,1.89
Method 4,0,1.990039587,0.712206642,1.81
Method 4,0,2.460974216,0.796504629,1.84
Method 4,0,2.698667049,0.860184925,1.88
Method 4,0,1.47667551,0.613107819,2.62
Method 4,0,2.220260143,0.668075914,1.86
Method 4,0,2.333999157,0.868090488,1.78
Method 4,0,2.432795525,0.831500809,1.71
Method 4,0,1.989187241,0.755324899,1.72
Method 4,0,1.990077496,0.839878563,1.83
Method 4,0,2.51252389,0.734542483,3.11
Method 4,0,1.961674571,0.797732989,1.68
Method 4,0,2.183692455,0.80277301,1.8
Method 4,0,1.875563622,0.742650341,2.39
Method 4,0,2.353520632,0.78271496,1.89
Method 4,0,2.288376093,0.743754595,2.67
Method 4,0,2.40757966,0.783064817,1.52
Method 4,0,2.108901024,0.727640666,2.54
Method 4,0,2.455835819,0.832036894,1.5
Method 4,0,2.184390068,0.7721994,2.01
Method 4,0,2.35333395,0.847142248,2.23
Method 4,0,2.071279049,0.799907159,2.75
Method 4,0,2.927672148,0.839117766,1.45
Method 4,0,2.420580387,0.882583753,1.69
Method 4,0,1.851831555,0.768969759,1.62
Method 4,0,2.796901464,0.822936822,1.57
Method 4,0,2.584065437,0.851412067,1.85
Method 4,0,1.932235241,0.776871059,1.84
Method 4,0,2.570167303,0.883769914,3.4
Method 4,0,1.96021235,0.70510904,1.52
Method 4,0,1.954392076,0.740076754,1.72
Method 4,0,2.193242311,0.796969353,2.01
Method 4,0,2.546375751,0.795247113,1.44
Method 4,0,1.924024463,0.661120414,2.16
Method 4,0,2.308970928,0.707040214,2.17
Method 4,0,1.799542308,0.750670384,2.33
Method 4,0,2.288096666,0.796047263,1.83
Method 4,0,2.900816441,0.867850368,1.68
Method 4,0,2.5402596,0.795649802,1.49
Method 4,0,2.116115093,0.807032535,2.24
Method 4,0,2.104671478,0.774906596,1.8
Method 4,0,2.717201948,0.903603718,2.64
Method 4,0,2.433405876,0.834473723,1.82
Method 4,0,2.214325428,0.730085331,2.57
Method 4,0,2.260080099,0.766494074,1.82
Method 4,0,2.260898352,0.811398949,2.43
Method 4,0,2.0970397,0.690741761,2.77
Method 4,0,2.823141098,0.829151341,1.77
Method 4,0,2.21649003,0.728461498,2.9
Method 4,0,2.39206028,0.811638494,1.58
Method 4,0,1.797024608,0.649718116,1.5
Method 4,0,1.039412618,0.563631578,1.73
Method 4,0,2.74058485,0.873859071,2.63
Method 4,0,3.078317642,0.829615285,2.49
Method 4,0,2.388888836,0.892412711,1.69
Method 4,0,1.713639259,0.705472468,1.54
Method 4,0,2.127941847,0.743618123,2.59
Method 4,0,1.837630033,0.756269038,1.51
Method 4,0,1.925306082,0.677340282,1.52
Method 4,0,2.235080957,0.749898601,1.55
Method 4,0,1.614970088,0.643778372,3.1
Method 4,0,1.895328522,0.656098231,1.71
Method 4,0,2.160212278,0.677851127,1.53
Method 4,0,1.946928501,0.684094562,2.12
Method 4,0,2.088153362,0.709781884,1.74
Method 4,0,1.401836872,0.636483177,1.7
Method 4,0,2.188143015,0.829081707,2.76
Method 4,0,2.361929178,0.753893457,1.64
Method 4,0,2.907764912,0.897503833,1.83
Method 4,0,1.7720474,0.59884743,1.79
Method 4,0,2.477033854,0.814704117,1.48
Method 4,0,2.100179672,0.724100427,1.91
Method 4,0,1.585568786,0.678045348,1.57
Method 4,0,2.799251556,0.885910613,2.74
Method 4,0,2.005099297,0.741257791,1.67
Method 4,0,2.708696365,0.808120326,1.55
Method 4,0,2.341477394,0.73131717,1.45
Method 4,0,1.446913242,0.60841972,1.57
Method 4,0,2.639102459,0.852023323,2.3
Method 4,0,2.976483107,0.867360185,1.79
Method 4,0,2.952199459,0.841543845,3.38
Method 4,0,2.268703222,0.805370079,2.01
Method 4,0,2.552488089,0.82982569,2.08
Method 4,0,1.930482268,0.693530586,1.5
Method 4,0,2.535517931,0.832160892,2.01
Method 4,0,2.231240511,0.771663549,1.67
Method 4,0,2.668701172,0.833269,1.53
Method 4,0,2.311624765,0.814788586,1.87
Method 4,0,2.727725506,0.832107415,3.08
Method 4,0,2.316659451,0.788463685,1.5
Method 4,0,2.748701811,0.837105821,1.6
Method 4,0,2.130358219,0.745224746,1.48
Method 4,0,1.76519084,0.601571746,1.53
Method 4,0,2.454459667,0.836764557,2.79
Method 4,0,2.945337534,0.878608172,1.81
Method 4,0,2.407031298,0.828494885,1.78
Method 4,0,2.880253077,0.855729283,1.8
Method 4,0,2.893464804,0.876317138,1.78
Method 4,0,2.857947588,0.862687465,2.24
Method 4,0,2.836235523,0.842704561,1.97
Method 4,0,3.038957357,0.874846493,1.82
Method 4,0,2.742245197,0.852895688,2.97
Method 4,0,3.317703485,0.908581711,1.67
Method 4,0,1.956240416,0.682769619,1.53
Method 4,0,2.128259897,0.785721833,2.61
Method 4,0,2.876821995,0.865227,1.83
Method 4,0,2.692390919,0.837737022,2.82
Method 4,0,2.806323528,0.865660866,2.09
Method 4,0,2.640124559,0.820238324,1.77
Method 4,0,1.87143755,0.705521762,2.28
Method 4,0,3.035822392,0.883549219,2.94
Method 4,0,2.564634323,0.811520704,1.87
Method 4,0,2.703549862,0.855114283,3.14
Method 4,0,2.181728601,0.789292035,1.67
Method 4,0,3.124062538,0.892903619,1.85
Method 4,0,2.807824373,0.844940744,2.8
Method 4,0,2.287767172,0.810198013,1.8
Method 4,0,2.95776701,0.88330904,1.82
Method 4,0,2.393779278,0.820127575,1.84
Method 4,0,1.608714581,0.589344189,1.65
Method 4,0,2.560525894,0.833817345,1.81
Method 4,0,1.743903995,0.64841675,1.66
Method 4,0,2.561345816,0.843123358,1.77
Method 4,0,1.924691558,0.731992473,2.51
Method 4,0,3.277437687,0.904789439,1.79
Method 4,0,2.512785912,0.831967868,2.46
Method 4,0,2.81340456,0.881712957,2.66
Method 4,0,2.43551755,0.804043236,1.9
Method 4,0,2.044620514,0.750728894,2.11
Method 4,0,2.675470591,0.858029927,1.56
Method 4,0,3.216262341,0.900112048,1.81
Method 5,9.15969193,2.705217838,0.933347102,6.07
Method 5,9.349865317,3.088181019,0.961045247,7.87
Method 5,7.339788675,3.286303043,0.986871256,5.1
Method 5,6.263333559,3.277709961,0.97845191,4.81
Method 5,3.343278468,2.196635485,0.884251993,6.07
Method 5,7.603270039,2.260632277,0.890479225,4.45
Method 5,8.674745858,2.579218149,0.945236467,5.26
Method 5,3.381202817,2.43149209,0.92008979,5.6
Method 5,9.149306417,2.944367409,0.970283334,4.59
Method 5,8.25042963,3.306050301,0.971107475,4.37
Method 5,9.765763879,2.40962863,0.922932528,6.79
Method 5,6.566685438,3.431870222,0.975451766,5.99
Method 5,9.671893716,2.685683012,0.952031582,5.83
Method 5,8.308830261,3.126741409,0.980702376,4.35
Method 5,5.916310549,3.413053036,0.986324505,4.54
Method 5,10.48497677,2.896424294,0.948566372,7.82
Method 5,12.09199309,3.353888512,0.980989941,6.5
Method 5,11.38453841,2.973686695,0.978954983,5.15
Method 5,7.765936852,3.264777184,0.991291666,6.91
Method 5,16.88071314,2.521147251,0.930551075,6.45
Method 5,13.51271123,2.728525639,0.96242702,5.38
Method 5,12.06118253,2.455405951,0.904590688,6.06
Method 5,11.23104811,3.523547649,0.985370668,6.49
Method 5,10.35578489,3.072242022,0.985171869,7.83
Method 5,6.356421709,3.436105251,0.991129704,5.59
Method 5,10.85680034,2.177311182,0.90433097,5.94
Method 5,14.9725312,3.014077187,0.959843997,6.57
Method 5,5.462207794,3.500231504,0.982489983,7.42
Method 5,14.26556394,2.591819763,0.946726679,6.27
Method 5,10.12443066,3.69803381,0.989613881,5.03
Method 5,7.140803337,3.478725195,0.978212775,5.87
Method 5,8.944218159,2.916330814,0.947820149,4.68
Method 5,8.98245573,3.108259678,0.961526289,6.01
Method 5,3.577678204,2.716050386,0.943491942,6.08
Method 5,13.55491757,3.18964839,0.973181399,6.51
Method 5,7.880476117,3.243005276,0.968552615,5.93
Method 5,3.279821355,1.950380206,0.839897112,4.59
Method 5,12.49600828,2.829603434,0.97247948,6.55
Method 5,4.720298648,2.964269161,0.964894548,5.9
Method 5,7.409857512,2.463791609,0.910360709,4.69
Method 5,11.31325915,2.70272851,0.931633983,7.65
Method 5,10.18942982,2.42304945,0.9274076,4.66
Method 5,9.230947495,3.187233925,0.98875367,6.05
Method 5,16.22610241,2.785257339,0.946884132,5.09
Method 5,5.271501541,3.535853624,0.992695618,4.59
Method 5,4.923484325,3.310459614,0.987124668,5.5
Method 5,11.85063362,3.120349884,0.987129362,5.71
Method 5,11.15018785,3.282153606,0.968978174,6.78
Method 5,6.790636778,3.470810413,0.988279107,5.85
Method 5,9.576779965,2.013664722,0.884543789,5.77
Method 5,6.491091251,3.353434563,0.969259796,4.73
Method 5,11.3087181,2.283140659,0.780955556,5.03
Method 5,18.48933982,2.901429415,0.961876049,5.01
Method 5,8.999931812,3.142743111,0.970322831,4.41
Method 5,11.37036264,2.646137953,0.94773656,4.86
Method 5,10.61822166,2.489515305,0.944273122,6.04
Method 5,6.766843796,3.478167534,0.987403724,5.97
Method 5,8.203188181,3.377627611,0.97872815,6.92
Method 5,13.97070289,3.405789137,0.979906852,6.05
Method 5,11.99051499,2.553412676,0.894309599,4.45
Method 5,14.43029931,2.676939964,0.936240546,6.02
Method 5,13.06080997,3.2865448,0.976353196,4.75
Method 5,6.248369217,3.459966183,0.977102771,7.58
Method 5,6.347010136,3.336934805,0.955156284,5.9
Method 5,6.343960762,3.070967674,0.952127927,6.73
Method 5,6.240108013,3.171817303,0.969611892,5.46
Method 5,8.766964078,2.858725548,0.955427383,5.77
Method 5,13.14727497,2.342272043,0.873156403,6.04
Method 5,8.473662138,3.754171133,0.99078526,6.28
Method 5,8.239113092,3.344153166,0.974419644,6.58
Method 5,13.98273634,2.626428366,0.926995021,5.36
Method 5,9.335256815,2.918419123,0.951044199,5.44
Method 5,13.50137472,3.567487001,0.986321481,5.46
Method 5,7.742275596,3.075019598,0.967258692,5.17
Method 5,11.39692485,2.906935215,0.949088528,6.99
Method 5,13.70393362,2.655333996,0.943212341,7.03
Method 5,7.848069668,3.025044203,0.953456526,8.45
Method 5,9.441037774,3.347433805,0.965545951,6.27
Method 5,12.18704879,3.472069263,0.983503209,6.26
Method 5,6.752387285,3.256494999,0.976902072,4.59
Method 5,9.310389757,3.183202505,0.971281986,6.61
Method 5,8.671085835,3.173735619,0.974319047,5.61
Method 5,13.70883127,2.983679771,0.949277519,7.31
Method 5,7.566525936,3.187484264,0.957729129,4.9
Method 5,12.26086684,2.477634907,0.92441125,5.45
Method 5,10.01968294,2.750658512,0.962651702,4.56
Method 5,9.036815166,3.19950819,0.972220699,6.95
Method 5,9.543756247,3.279031277,0.977052652,5.01
Method 5,11.9627136,2.762639523,0.93997703,5.35
Method 5,9.707778096,2.794340611,0.925163395,5.71
Method 5,5.853106976,3.616273165,0.99169601,7.38
Method 5,6.774328947,3.54382062,0.992650659,7.46
Method 5,6.447939873,3.418489218,0.977400549,4.9
Method 5,9.421180487,3.624148369,0.987408294,5.26
Method 5,14.91189957,2.822155476,0.973655935,7.13
Method 5,7.53696084,3.313110113,0.972343683,6.24
Method 5,-11.22780114,1.793159723,0.838808284,6.61
Method 5,-3.801662922,1.745777369,0.803749178,5.08
Method 5,6.972936392,3.449897766,0.98645078,6.91
Method 5,11.83465181,2.136182308,0.894442446,6.31
Method 5,10.97893715,3.092730761,0.970953443,5.42
Method 5,6.683197021,3.240661383,0.984495304,7.45
Method 5,10.38794637,2.477980375,0.822881004,5.05
Method 5,9.533214867,2.309730053,0.920429525,5.54
Method 5,12.30773956,2.59446454,0.900811902,7.22
Method 5,8.009207249,3.256644249,0.976295155,5.63
Method 5,12.98892796,3.068447113,0.983700311,5.46
Method 5,7.276489735,3.292580605,0.98625391,5.03
Method 5,10.11044145,2.742727757,0.93210859,6.38
Method 5,2.945901155,3.222077608,0.982153217,7.2
Method 5,8.961127996,2.845372438,0.942584243,7.53
Method 5,9.008338451,3.261364222,0.991603932,7.33
Method 5,9.928172231,3.213338375,0.972955669,5.88
Method 5,9.681975842,3.18851614,0.976091409,7.08
Method 5,4.07325387,3.44860816,0.990996595,7.13
Method 5,11.06005788,2.722473621,0.921115549,5.8
Method 5,10.41025758,3.070314407,0.961095645,6.79
Method 5,10.49320489,2.668012381,0.939612868,5.98
Method 5,7.318449616,3.210636139,0.971542767,5.76
Method 5,-6.268728971,1.755090833,0.817832279,5.57
Method 5,5.877943039,3.389053583,0.989501066,6.78
Method 5,17.0555371,2.990745306,0.967584089,4.96
Method 5,11.17637885,2.78629899,0.950464667,6.59
Method 5,7.425813675,2.783579588,0.93527511,5.94
Method 5,7.667815685,3.280798197,0.980513843,7.32
Method 5,8.619002104,3.54879427,0.978700016,6.64
Method 5,9.918771088,2.985640764,0.946434095,5.76
Method 5,10.38695514,2.744236946,0.933293493,4.56
Method 5,8.311311007,3.25155282,0.980730664,5.77
Method 5,9.30690527,3.448930502,0.972713932,7
Method 5,10.36904056,2.054212809,0.856972731,7.36
Method 5,4.283772707,3.460566998,0.97471736,5.48
Method 5,6.36384964,3.348007202,0.978387108,6.23
Method 5,15.77679202,2.736579895,0.966958327,5.64
Method 5,10.73651314,3.20386529,0.985174905,4.98
Method 5,-1.345012188,1.699785471,0.789103734,5.76
Method 5,11.17056698,2.674554348,0.918692783,7.32
Method 5,7.014427185,3.30885911,0.983811637,6.57
Method 5,8.511436125,2.350835323,0.897922598,5.48
Method 5,12.00262666,2.478048325,0.873926259,5.42
Method 5,6.614794582,2.2080369,0.896648248,7.13
Method 5,8.460382819,2.984222651,0.909039453,6.46
Method 5,11.08893752,2.939259768,0.954323636,7.29
Method 5,9.546518922,3.188747883,0.956106185,5.42
Method 5,13.12166035,2.99810791,0.975840997,6.16
Method 5,9.143195152,3.146619558,0.96825516,7.22
Method 5,8.874258995,2.55217433,0.944628176,6.14
Method 5,9.64417398,3.037648201,0.965261181,5.19
Method 5,6.750713587,3.683790922,0.990923186,5.12
Method 5,13.52383792,2.883827686,0.951179034,5.16
Method 5,7.729873657,3.517397642,0.987419487,4.85
Method 5,11.64215212,2.385649681,0.932141005,6.45
Method 5,9.221535921,3.712308645,0.994037451,4.7
Method 5,9.654086977,2.685789824,0.932341678,6.5
Method 5,8.792745471,3.466678143,0.983427189,6.99
Method 5,12.0141542,3.073056698,0.981304743,5.75
Method 5,3.831471205,3.089459896,0.974085803,7.9
Method 5,7.644563913,3.32411027,0.98132928,6.8
Method 5,10.81078619,3.021383762,0.962407283,4.91
Method 5,12.36557901,3.201586008,0.967570262,6.32
Method 5,12.33375371,3.016609192,0.958515959,6.65
Method 5,5.70533514,3.753667355,0.993312484,5.15
Method 5,8.585108519,3.005636215,0.941346792,4.83
Method 5,14.24201088,2.226489305,0.83562165,6.69
Method 5,10.33148468,3.030686617,0.967398327,6.2
Method 5,12.23743141,2.863958359,0.957216204,5.9
Method 5,7.388197184,3.084368706,0.975587898,6.85
Method 5,10.42957544,2.796894073,0.951484862,6.16
Method 5,6.441181302,2.486762285,0.925387714,6.19
Method 5,12.79913351,3.179009199,0.963000667,6.79
Method 5,13.41575414,2.769396782,0.948218195,7.33
Method 5,10.79592466,3.753225803,0.991845763,6.72
Method 5,11.56382644,2.005279303,0.879435069,6.04
Method 5,9.775613546,3.456414938,0.984908923,5.54
Method 5,2.756786903,1.663864017,0.732927124,7.86
Method 5,5.201333761,3.462927103,0.965915447,5
Method 5,13.89580234,2.737675428,0.936883983,5.14
Method 5,7.46078968,3.013458252,0.961966291,7.32
Method 5,9.849774837,2.855746031,0.939553159,5.61
Method 5,5.775748491,3.338938951,0.983066447,4.6
Method 5,6.665617228,3.612334251,0.991294074,5.23
Method 5,13.44116373,2.446796417,0.875815742,6.47
Method 5,10.09827971,3.093956947,0.964069105,5.83
Method 5,9.405816793,3.322341442,0.988202706,5.24
Method 5,11.87737346,3.293373346,0.973484414,7.28
Method 5,10.29514407,2.815175056,0.935775657,7.27
Method 5,14.04932022,2.983338118,0.9796734,6.64
Method 5,7.994521856,3.31392765,0.979347932,7.06
Method 5,7.706394196,2.784306765,0.962859756,5.72
Method 5,10.72836876,2.981838942,0.963497621,9.07
Method 5,9.717212915,2.468738794,0.939609123,5.42
Method 5,13.90832424,2.980307102,0.967688728,5.4
Method 5,7.160515785,3.487763166,0.984524528,6.65
Method 5,8.315732479,3.092212439,0.962866723,4.85
Method 5,8.629682064,2.862867832,0.95157651,6.38
Method 5,8.816273212,3.393666744,0.980951899,6.17
Method 5,8.20058465,3.183737278,0.98065607,6.35
Method 5,5.836981535,3.156362295,0.981868012,7.32
Method 5,-8.744946122,1.746865988,0.829092608,4.87
Method 5,10.27829766,3.621193409,0.991606172,5.86
Method 5,8.108335733,3.430118561,0.990522771,6.46
Method 5,11.198515,2.487744808,0.925891325,7.51
Method 5,5.46338439,3.476081133,0.983639373,5.43
Method 5,10.86695492,3.362639189,0.980194689,6.05
Method 5,13.12651485,2.793223858,0.95687258,5.87
Method 5,6.744991541,3.158685684,0.965053709,12.62
Method 5,10.67114949,2.816502333,0.954336484,4.76
Method 5,11.47247441,2.434755564,0.916941678,5.82
Method 5,8.153665662,2.850564957,0.962709321,6.17
Method 5,6.981978416,3.325189352,0.98055909,6.29
Method 5,10.85581303,2.654794455,0.912299915,4.49
Method 5,9.543956518,3.229345322,0.969474779,5.16
Method 5,12.2225517,2.567614794,0.901694167,9.18
Method 5,12.10086703,3.067199945,0.958549144,7.13
Method 5,7.751950026,3.615557432,0.982749753,5.37
Method 5,12.37030506,3.653857946,0.989097007,4.94
Method 5,12.20514417,2.987789869,0.965279361,6.25
Method 5,13.02174017,2.872741938,0.943856188,5.43
Method 5,5.565065145,3.272418499,0.971902059,8.43
Method 5,8.578157425,3.081519604,0.970357284,7.65
Method 5,5.292791128,3.28440237,0.964084082,7.03
Method 5,4.818692803,2.909974575,0.962970641,6.26
Method 5,9.521455765,2.93058753,0.957579335,6.2
Method 5,11.03650987,3.11406517,0.965073545,7
Method 5,11.26039982,3.540828705,0.988320152,4.42
Method 5,8.575122356,2.937397957,0.927001752,5.66
Method 5,13.20319355,2.965911388,0.954927475,6.34
Method 5,11.46335006,2.71067667,0.942159513,4.94
Method 5,9.593072118,2.514125824,0.907729876,7.56
Method 5,10.4114151,3.541925907,0.982855107,5.47
Method 5,8.044973612,3.777347565,0.995793581,6.21
Method 5,10.43427944,3.179852486,0.989827734,6.47
Method 5,10.6783241,2.218349934,0.913555445,5.44
Method 5,9.837569594,3.015009403,0.962919525,6.17
Method 5,14.06926379,2.823778152,0.968608443,5.27
Method 5,11.38520967,2.47619772,0.90669485,5.61
Method 5,15.49315035,3.122956514,0.97381376,6.35
Method 5,13.13762337,2.35772109,0.856762384,6.1
Method 5,8.44066143,2.490543127,0.914752389,7.15
Method 5,9.460424185,2.691779137,0.868283639,5.62
Method 5,10.750072,2.594641209,0.891487892,6.34
Method 5,9.596672654,2.773228884,0.910049082,5.79
Method 5,3.485880509,1.554035544,0.767007789,6.33
Method 5,6.772024035,2.958606005,0.974286088,7.1
Method 5,7.450680733,3.000089645,0.941795515,6.61
Method 5,7.366615534,3.653813601,0.991183813,7.48
Method 5,9.503738433,2.247383118,0.892313603,7.2
Method 5,6.257221699,3.409472227,0.990117463,4.75
Method 5,5.745056272,2.685309649,0.94856089,7.47
Method 5,1.094549596,1.636810064,0.779214081,5.25
Method 5,8.596277237,3.556426048,0.988461691,5.73
Method 5,9.15604949,2.977128983,0.973446974,6.29
Method 5,7.804816961,3.595941067,0.98772872,5.63
Method 5,7.436159849,3.196873426,0.939049168,5.68
Method 5,14.67485204,2.755726337,0.942811812,5.3
Method 5,11.41040385,3.393745661,0.976306127,5.29
Method 5,9.172735214,3.505202293,0.9838243,7.45
Method 5,11.70478582,3.443740845,0.991246833,7.72
Method 5,17.05444187,3.180809975,0.974629081,6.17
Method 5,7.691712976,3.370632172,0.986535564,4.74
Method 5,12.36923073,2.850264788,0.944090269,4.93
Method 5,14.98745859,3.343279123,0.981361184,7.97
Method 5,10.28957486,3.169458151,0.974017419,6.12
Method 5,6.838388443,3.467067957,0.99062894,4.78
Method 5,6.005153656,3.171365499,0.973490123,5.79
Method 5,12.53096521,3.266448021,0.974065678,6.03
Method 5,8.394895792,3.081927061,0.964487128,5.97
Method 5,5.969450474,3.59254837,0.993406301,6.5
Method 5,9.255850315,2.830170155,0.95157025,4.82
Method 5,9.925067769,2.294234753,0.883048357,6.12
Method 5,4.980500937,3.322791815,0.980348667,6.81
Method 5,17.361224,3.586534977,0.984982779,5.36
Method 5,14.09350634,3.330770016,0.970724851,5.67
Method 5,10.58275759,3.415450335,0.981854655,7.77
Method 5,8.875044584,3.639210463,0.986948508,7.42
Method 5,8.516706228,3.699766159,0.988526003,7.19
Method 5,12.98725486,3.482615948,0.988710094,6.17
Method 5,8.365668058,3.572260141,0.986478333,5.66
Method 5,9.384897947,3.570105076,0.983636658,5.67
Method 5,8.685978651,3.967612267,0.995708684,6.1
Method 5,9.882789254,2.615580797,0.928817668,4.52
Method 5,19.57124947,3.060700655,0.968373934,7.9
Method 5,18.40506516,3.531292439,0.981739567,6.15
Method 5,13.89718056,3.437411785,0.984859126,6.93
Method 5,10.37843823,3.582916975,0.984693482,5.72
Method 5,12.83010557,3.12383008,0.965848693,7.23
Method 5,8.865307868,2.708645105,0.931724106,5.3
Method 5,15.67706585,3.674586058,0.987923173,5.62
Method 5,14.63716367,3.027580738,0.960231878,5.66
Method 5,11.75093055,3.533523083,0.981314429,7.11
Method 5,7.106051445,3.043487072,0.964756365,6.85
Method 5,13.74450862,3.778011322,0.989468431,7.12
Method 5,11.98403716,3.367426157,0.979681325,7.14
Method 5,14.13127927,3.155388594,0.960316586,5.62
Method 5,7.112531662,3.672521353,0.988059347,7.46
Method 5,15.9456569,3.25596571,0.978789241,8.9
Method 5,9.241699805,2.260648727,0.876118179,5.07
Method 5,10.27647734,3.460192204,0.977417181,6.92
Method 5,9.053145051,2.465123415,0.905648649,6.47
Method 5,13.14782381,3.463301659,0.977026148,5.5
Method 5,11.51755273,3.044857025,0.961021038,4.9
Method 5,10.40290475,3.925590992,0.993755802,5.21
Method 5,7.43309021,3.302031517,0.973611332,5.21
Method 5,5.77935338,3.61022687,0.989214899,5.47
Method 5,8.871963024,3.252500057,0.981302234,5.51
Method 5,8.114626408,2.897915363,0.952258641,5.88
Method 5,6.651910543,3.491409063,0.983531807,4.39
Method 5,11.89376056,3.884868383,0.99101133,7.09